<?xml version="1.0" encoding="UTF-8" ?>
<!DOCTYPE mapper
        PUBLIC "-//mybatis.org//DTD Mapper 3.0//EN"
        "http://mybatis.org/dtd/mybatis-3-mapper.dtd">
<mapper namespace="com.chicken.project.release.model.dao.ReleaseMapper">
    <resultMap id="releaseOrderResultMap" type="ReleaseOrderDTO">
        <association property="releaseCartDTO" resultMap="cartResultMap"/>
        <association property="releaseCartHandlerDTO" resultMap="releaseCartHandlerResultMap"/>
        <association property="releaseItemInfoDTO" resultMap="itemInfoResultMap"/>
        <association property="releaseItemCategoryDTO" resultMap="itemCategoryResultMap"/>
        <association property="releaseItemFileDTO" resultMap="itemFileResultMap"/>
        <association property="storeOrderDTO" resultMap="storeOrderResultMap"/>
        <association property="releaseItemDTO" resultMap="releaseItemResultMap"/>
        <association property="releaseItemHistroyDTO" resultMap="releaseItemHistroyResultMap"/>
    </resultMap>

    <resultMap id="cartResultMap" type="ReleaseCartDTO">
        <result property="cartAmount" column="CART_AMOUNT"/>
        <result property="categoryNo" column="CATEGORY_NO"/>
        <result property="itemNo" column="ITEM_NO"/>
        <result property="cartNo" column="CART_NO"/>
        <result property="storeName" column="STORE_NAME"/>
        <result property="cartYn" column="CART_YN"/>
        <result property="relYn" column="REL_YN"/>
    </resultMap>

    <resultMap id="releaseCartHandlerResultMap" type="ReleaseCartHandlerDTO">
        <result property="cartNo" column="CART_NO"/>
        <result property="orderNo" column="ORDER_NO"/>
    </resultMap>

    <resultMap id="releaseResultMap" type="ReleaseDTO">
        <id property="relCode" column="REL_CODE"/>
        <result property="relName" column="REL_NAME"/>
        <result property="relRequestDate" column="REL_REQUEST_DATE"/>
        <result property="relDate" column="REL_DATE"/>
        <result property="relYn" column="REL_YN"/>
        <result property="storeName" column="STORE_NAME"/>
        <result property="orderNo" column="ORDER_NO"/>
        <result property="totalMoney" column="TOTAL_MONEY"/>
        <result property="relListDate" column="REL_LIST_DATE"/>
    </resultMap>

    <resultMap id="itemCategoryResultMap" type="ReleaseItemCategoryDTO">
        <id property="categoryNo" column="CATEGORY_NO"/>
        <result property="categoryName" column="CATEGORY_NAME"/>
        <result property="preCategory" column="PRE_CATEGORY"/>
    </resultMap>

    <resultMap id="releaseItemResultMap" type="ReleaseItemDTO">
        <id property="relYn" column="REL_YN"/>
        <result property="relAmount" column="REL_AMOUNT"/>
        <result property="relRequestDate" column="REL_REQUEST_DATE"/>
        <result property="itemNo" column="ITEM_NO"/>
        <result property="orderAmount" column="ORDER_AMOUNT"/>
        <result property="relDate" column="REL_DATE"/>
        <result property="relItemRequestDate" column="RELITEM_REQUEST_DATE"/>
        <result property="storeName" column="STORE_NAME"/>
        <result property="totalItemMoney" column="TOTAL_MONEY"/>
        <result property="orderNo" column="ORDER_NO"/>
        <result property="relCode" column="REL_CODE"/>
        <result property="relCodeDetail" column="REL_CODE_DETAIL"/>
        <result property="relListYn" column="REL_LIST_YN"/>
    </resultMap>

    <resultMap id="itemFileResultMap" type="ReleaseItemFileDTO">
        <id property="fileNo" column="FILE_NO"/>
        <result property="originName" column="ORIGIN_NAME"/>
        <result property="fileName" column="FILE_NAME"/>
        <result property="categoryNo" column="CATEGORY_NO"/>
        <result property="itemNo" column="ITEM_NO"/>
    </resultMap>

    <resultMap id="itemInfoResultMap" type="ReleaseItemInfoDTO">
        <id property="itemNo" column="ITEM_NO"/>
        <result property="itemName" column="ITEM_NAME"/>
        <result property="itemStandard" column="ITEM_STANDARD"/>
        <result property="itemPurchase" column="ITEM_PURCHASE"/>
        <result property="itemSales" column="ITEM_SALES"/>
        <result property="itemSoldoutYn" column="ITEM_SOLDOUT_YN"/>
        <result property="itemMake" column="ITEM_MAKE"/>
        <result property="categoryNo" column="CATEGORY_NO"/>
        <result property="itemAmount" column="ITEM_AMOUNT"/>
    </resultMap>

    <resultMap id="storeOrderResultMap" type="StoreOrderDTO">
        <result property="orderNo" column="ORDER_NO"/>
        <result property="orderDate" column="ORDER_DATE"/>
    </resultMap>

    <resultMap id="releaseItemHistroyResultMap" type="ReleaseItemHistroyDTO">
        <result property="relAmountDetail" column="REL_AMOUNT_DETAIL"/>
        <result property="relDateDetail" column="REL_DATE_DETAIL"/>
        <result property="relCodeDetail" column="REL_CODE_DETAIL"/>
        <result property="relSumAmount" column="REL_SUM_AMOUNT"/>
    </resultMap>

    <resultMap id="releaseDetailResultMap" type="ReleaseDetailDTO">
        <result property="relAmount" column="REL_AMOUNT"/>
        <result property="itemNo" column="ITEM_NO"/>
        <result property="orderAmount" column="ORDER_AMOUNT"/>
        <result property="relDate" column="REL_DATE"/>
        <result property="relItemRequestDate" column="RELITEM_REQUEST_DATE"/>
        <result property="totalMoney" column="TOTAL_MONEY"/>
        <result property="itemName" column="ITEM_NAME"/>
        <result property="itemStandard" column="ITEM_STANDARD"/>
        <result property="itemPurchase" column="ITEM_PURCHASE"/>
        <result property="itemSales" column="ITEM_SALES"/>
        <result property="itemMake" column="ITEM_MAKE"/>
        <result property="itemAmount" column="ITEM_AMOUNT"/>
        <result property="categoryName" column="CATEGORY_NAME"/>
        <result property="fileName" column="FILE_NAME"/>
        <collection property="releaseItemHistroyDTO" resultMap="releaseItemHistroyResultMap"/>
    </resultMap>

<!--/* 발주서에 등록된 발주품목 조회 */-->
    <select id="releaseOrderSelect" resultMap="releaseOrderResultMap">
        SELECT
               *
          FROM CART A
          JOIN ORDER_HANDLER B ON (A.CART_NO = B.CART_NO)
          JOIN STORE_ORDER C ON (B.ORDER_NO  = C.ORDER_NO)
          JOIN ITEM_INFO D ON (A.ITEM_NO = D.ITEM_NO)
          JOIN ITEM_CATEGORY E ON (D.CATEGORY_NO = E.CATEGORY_NO)
         WHERE A.CART_YN ='N'
        <choose>
              <when test="searchValue != null &amp;&amp; !searchValue.equals('')
                &amp;&amp; searchDate != null &amp;&amp; !searchDate.equals('')
                &amp;&amp; searchDate2 != null &amp;&amp; !searchDate2.equals('')">
                  AND A.STORE_NAME LIKE '%' || #{ searchValue } || '%'
                  AND TO_CHAR(C.ORDER_DATE, 'YYYY-MM-DD') BETWEEN #{ searchDate }
                  AND #{ searchDate2 }
              </when>
              <when test="searchDate != null &amp;&amp; !searchDate.equals('')
                &amp;&amp; searchDate2 != null &amp;&amp; !searchDate2.equals('')">
                  AND TO_CHAR(C.ORDER_DATE, 'YYYY-MM-DD') BETWEEN #{ searchDate }
                  AND #{ searchDate2 }
              </when>
              <when test="searchValue != null &amp;&amp; !searchValue.equals('')">
                  AND A.STORE_NAME LIKE '%' || #{ searchValue } || '%'
              </when>
          </choose>
      ORDER BY A.CART_NO
    </select>

<!--/* 임시출고서에 등록된 출고품목 조회 */-->
    <select id="releaseOrderSelectN" resultMap="releaseOrderResultMap">
        SELECT DISTINCT
               *
          FROM RELEASE_ITEM A
          JOIN ITEM_INFO B ON(A.ITEM_NO = B.ITEM_NO)
          JOIN ITEM_CATEGORY C ON(B.CATEGORY_NO = C.CATEGORY_NO)
          JOIN ITEM_FILE D ON(B.ITEM_NO = D.ITEM_NO)
          JOIN REL_ORD_HANDLER E ON(A.REL_CODE_DETAIL = E.REL_CODE_DETAIL)
          JOIN CART F ON(E.CART_NO = F.CART_NO)
         WHERE A.REL_LIST_YN = 'N'
    </select>

<!--/* 출고서 목록 조회 */-->
    <select id="releaseDtoOrderSelect" resultMap="releaseResultMap">
        SELECT
              *
          FROM RELEASE
    </select>

<!--/* 출고서 작성시 물품 총 금액 조회 */-->
    <select id="totalMoneySelect" resultType="Integer">
        SELECT SUM(TOTAL_MONEY)
        FROM RELEASE_ITEM
        WHERE REL_CODE = #{ intRelCode }
    </select>


    <update id="cartYnUpdateR">
        UPDATE CART
          SET CART_YN = 'R'
         WHERE CART_YN = 'N'
           AND CART_NO = #{ cartNo }
    </update>

    <insert id="releaseItemInsert">
        INSERT INTO RELEASE_ITEM
        (
          REL_YN
        , REL_AMOUNT
        , REL_CODE
        , ITEM_NO
        , ORDER_AMOUNT
        , REL_DATE
        , RELITEM_REQUEST_DATE
        , STORE_NAME
        , TOTAL_MONEY
        , ORDER_NO
        , REL_CODE_DETAIL
        , REL_LIST_YN
        )
        VALUES
        (
          'N'
        , null
        , #{ relCode }
        , #{ releaseItemDTO.itemNo }
        , #{ releaseCartDTO.cartAmount }
        , null
        , #{ storeOrderDTO.orderDate }
        , #{ releaseItemDTO.storeName }
        , #{ totalItemMoney }
        , #{ releaseItemDTO.orderNo }
        , #{ releaseCartDTO.cartNo }
        , 'N'
        )
    </insert>

    <insert id="releaseInsertHandler">
        INSERT INTO REL_ORD_HANDLER
        (
          CART_NO
        , REL_CODE_DETAIL
        )
        VALUES
        (
          #{ cartNo }
        , #{ cartNo }
        )

    </insert>

    <update id="releaseItemUpdateN">
        UPDATE RELEASE_ITEM
           SET REL_LIST_YN = 'N'
         WHERE REL_LIST_YN = 'Y'
          AND REL_CODE_DETAIL = #{ relCodeDetail }
    </update>

    <update id="cartYnUpdateN">
        UPDATE CART
        SET CART_YN = 'N'
        WHERE CART_YN = 'R'
          AND CART_NO = #{ cartNo }
    </update>

    <delete id="releaseItemDelete">
        DELETE
          FROM RELEASE_ITEM
         WHERE ITEM_NO = #{ releaseItemInfoDTO.itemNo }
           AND REL_CODE = #{ relCode }
           AND RELITEM_REQUEST_DATE = #{ storeOrderDTO.orderDate }
           AND STORE_NAME = #{ releaseCartDTO.storeName }
    </delete>


    <insert id="releaseInsert">
        INSERT INTO RELEASE
        (
          REL_CODE
        , REL_NAME
        , REL_DATE
        , REL_YN
        , STORE_NAME
        , TOTAL_MONEY
        , REL_LIST_DATE
        )
        VALUES
        (
          #{ relCode }
        , #{ relName }
        , null
        , 'N'
        , #{ storeName }
        , #{ totalMoney }
        , #{ relListDate }
        )
    </insert>
    <update id="releaseItemUpdateF">
        UPDATE RELEASE_ITEM
        SET REL_LIST_YN = 'Y'
        WHERE REL_LIST_YN = 'N'
    </update>

    <select id="totalCount" resultType="_int">
        SELECT
            COUNT(*)
        FROM RELEASE
        <if test="searchCategory == 'searchStoreName'">
            WHERE STORE_NAME LIKE '%' || #{ searchValue } || '%'
        </if>
        <if test="searchCategory == 'searchRelRegistDate'">
            WHERE TO_CHAR(REL_LIST_DATE, 'YYYY-MM-DD') BETWEEN #{ searchDate }
            AND #{ searchDate2 }
        </if>
        <if test="searchCategory == 'searchRelDate'">
            WHERE TO_CHAR(REL_DATE, 'YYYY-MM-DD') BETWEEN #{ searchDate }
            AND #{ searchDate2 }
        </if>
        <if test="searchCategory == 'relDateStoreName'">
            WHERE STORE_NAME LIKE '%'|| #{ searchValue } || '%'
            AND TO_CHAR(REL_DATE, 'YYYY-MM-DD') BETWEEN #{ searchDate }
            AND #{ searchDate2 }
        </if>
        <if test="searchCategory == 'registDateStoreName'">
            WHERE STORE_NAME LIKE '%' || #{ searchValue } || '%'
            AND TO_CHAR(REL_LIST_DATE, 'YYYY-MM-DD') BETWEEN #{ searchDate }
            AND #{ searchDate2 }
        </if>
    </select>

    <select id="releaseSelect" resultMap="releaseResultMap">
        SELECT
               A.RNUM
             , A.REL_CODE
             , A.REL_NAME
             , A.REL_DATE
             , A.REL_YN
             , A.STORE_NAME
             , A.TOTAL_MONEY
             , A.REL_LIST_DATE
          FROM (SELECT
                       ROWNUM RNUM
                     , B.REL_CODE
                     , B.REL_NAME
                     , B.REL_DATE
                     , B.REL_YN
                     , B.STORE_NAME
                     , B.TOTAL_MONEY
                     , B.REL_LIST_DATE
                  FROM (SELECT
                               REL_CODE
                             , REL_NAME
                             , REL_DATE
                             , REL_YN
                             , STORE_NAME
                             , TOTAL_MONEY
                             , REL_LIST_DATE
                          FROM RELEASE A
                          <if test="searchCategory == 'searchStoreName'">
                            WHERE A.STORE_NAME LIKE '%' || #{ searchValue } || '%'
                          </if>
                          <if test="searchCategory == 'searchRelRegistDate'">
                            WHERE TO_CHAR(A.REL_LIST_DATE, 'YYYY-MM-DD') BETWEEN #{ searchDate }
                              AND #{ searchDate2 }
                          </if>
                          <if test="searchCategory == 'searchRelDate'">
                            WHERE TO_CHAR(A.REL_DATE, 'YYYY-MM-DD') BETWEEN #{ searchDate }
                              AND #{ searchDate2 }
                          </if>
                          <if test="searchCategory == 'relDateStoreName'">
                            WHERE A.STORE_NAME LIKE '%'|| #{ searchValue } || '%'
                              AND TO_CHAR(A.REL_DATE, 'YYYY-MM-DD') BETWEEN #{ searchDate }
                              AND #{ searchDate2 }
                          </if>
                          <if test="searchCategory == 'registDateStoreName'">
                            WHERE A.STORE_NAME LIKE '%' || #{ searchValue } || '%'
                              AND TO_CHAR(A.REL_LIST_DATE, 'YYYY-MM-DD') BETWEEN #{ searchDate }
                              AND #{ searchDate2 }
                          </if>
                          ORDER BY A.REL_CODE DESC) B
                    <![CDATA[
                            WHERE ROWNUM <= #{ endRow }
                            ]]>
                    ) A
                    WHERE A.RNUM >= #{ startRow }
                    ORDER BY 1 ASC
    </select>

    <select id="releaseSelect2" resultMap="releaseOrderResultMap">
        SELECT
               A.REL_YN
             , A.REL_AMOUNT
             , A.REL_CODE
             , A.ITEM_NO
             , A.ORDER_AMOUNT
             , A.REL_DATE
             , A.RELITEM_REQUEST_DATE
             , A.STORE_NAME
             , A.TOTAL_MONEY
             , A.REL_LIST_YN
             , B.ITEM_NAME
             , B.ITEM_STANDARD
             , B.ITEM_PURCHASE
             , B.ITEM_SALES
             , B.ITEM_MAKE
             , B.ITEM_AMOUNT
             , C.CATEGORY_NAME
             , D.FILE_NAME
             , A.REL_CODE_DETAIL
             , B.ITEM_SOLDOUT_YN
             , SUM(E.REL_AMOUNT_DETAIL) REL_SUM_AMOUNT
        FROM RELEASE_ITEM A
        JOIN ITEM_INFO B ON(A.ITEM_NO = B.ITEM_NO)
        JOIN ITEM_CATEGORY C ON(B.CATEGORY_NO = C.CATEGORY_NO)
        JOIN ITEM_FILE D ON(B.ITEM_NO = D.ITEM_NO)
        LEFT JOIN RELEASE_ITEM_HISTORY E ON (A.REL_CODE_DETAIL = E.REL_CODE_DETAIL)
        GROUP BY A.REL_YN
               , A.REL_AMOUNT
               , A.REL_CODE
               , A.ITEM_NO
               , A.ORDER_AMOUNT
               , A.REL_DATE
               , A.RELITEM_REQUEST_DATE
               , A.STORE_NAME
               , A.TOTAL_MONEY
               , A.REL_LIST_YN
               , B.ITEM_NAME
               , B.ITEM_STANDARD
               , B.ITEM_PURCHASE
               , B.ITEM_SALES
               , B.ITEM_MAKE
               , B.ITEM_AMOUNT
               , C.CATEGORY_NAME
               , D.FILE_NAME
               , A.REL_CODE_DETAIL
               , B.ITEM_SOLDOUT_YN
        HAVING A.REL_CODE = #{ relCode }
        ORDER BY A.REL_CODE_DETAIL
    </select>

    <update id="itemAmountUpdate">
        UPDATE ITEM_INFO A
           SET A.ITEM_AMOUNT = #{ amountUpdate }
         WHERE A.ITEM_NO = #{ itemNo }
    </update>

    <insert id="itemHistoryInsert">
        INSERT INTO ITEM_HISTORY
        (
          ITEM_MANAGE_NO
        , REC_CODE
        , ITEM_NO
        , REL_CODE
        , R_NO
        )
        VALUES
        (
          SEQ_ITEM_MANAGE_NO.NEXTVAL
        , NULL
        , #{ itemNo }
        , #{ relCode }
        , NULL
        )
    </insert>
    <insert id="relItemHistoryInsert">
        INSERT INTO RELEASE_ITEM_HISTORY
        (
          REL_AMOUNT_DETAIL
        , REL_DATE_DETAIL
        , REL_CODE_DETAIL
        )
        VALUES
        (
          #{ relAmount }
        , SYSDATE
        , #{ relCodeDetail }
        )
    </insert>

    <update id="releaseItemUpdateY">
        UPDATE RELEASE_ITEM
        SET REL_YN = 'Y'
          , REL_DATE = SYSDATE
          , REL_AMOUNT = #{ relSum }
      WHERE REL_YN = 'N'
        AND REL_DATE is null
        AND REL_AMOUNT is null
        AND REL_CODE_DETAIL = #{ relCodeDetail }
    </update>

    <select id="relAmountSumSelect" resultType="_int">
        SELECT
            SUM(REL_AMOUNT_DETAIL)
        FROM RELEASE_ITEM_HISTORY
        GROUP BY REL_CODE_DETAIL
        HAVING REL_CODE_DETAIL = #{ relCodeDetail }
    </select>

    <select id="relItemSelectY" resultMap="releaseItemResultMap">
        SELECT
               REL_YN
          FROM RELEASE_ITEM
         WHERE REL_CODE = #{ relCode }
    </select>

    <update id="relYnUpdate">
        UPDATE RELEASE
           SET REL_YN = 'Y'
             , REL_DATE = SYSDATE
         WHERE REL_YN = 'N'
           AND REL_DATE IS NULL
           AND REL_CODE = #{ relCode }
    </update>

    <select id="relItemDetailSelect" resultMap="releaseOrderResultMap">
        SELECT
            A.REL_CODE_DETAIL
             , A.REL_DATE
             , A.REL_YN
             , C.ITEM_AMOUNT
             , SUM(B.REL_AMOUNT_DETAIL) REL_SUM_AMOUNT
        FROM RELEASE_ITEM A
                 LEFT JOIN RELEASE_ITEM_HISTORY B ON(A.REL_CODE_DETAIL = B.REL_CODE_DETAIL)
                 LEFT JOIN ITEM_INFO C ON(A.ITEM_NO = C.ITEM_NO)
        WHERE A.REL_CODE_DETAIL = #{ relCodeDetail }
        GROUP BY A.REL_CODE_DETAIL
               , A.REL_DATE
               , A.REL_YN
               , C.ITEM_AMOUNT
    </select>

    <select id="selectDetail" resultMap="releaseDetailResultMap">
        SELECT
               A.REL_AMOUNT
             , A.REL_CODE_DETAIL
             , A.ITEM_NO
             , A.ORDER_AMOUNT
             , A.REL_DATE
             , A.RELITEM_REQUEST_DATE
             , A.TOTAL_MONEY
             , B.ITEM_NAME
             , B.ITEM_STANDARD
             , B.ITEM_PURCHASE
             , B.ITEM_SALES
             , B.ITEM_MAKE
             , B.ITEM_AMOUNT
             , C.CATEGORY_NAME
             , D.FILE_NAME
             , E.REL_DATE_DETAIL
             , E.REL_AMOUNT_DETAIL
        FROM RELEASE_ITEM A
                 JOIN ITEM_INFO B ON(A.ITEM_NO = B.ITEM_NO)
                 JOIN ITEM_CATEGORY C ON(B.CATEGORY_NO = C.CATEGORY_NO)
                 JOIN ITEM_FILE D ON(B.ITEM_NO = D.ITEM_NO)
            LEFT JOIN RELEASE_ITEM_HISTORY E ON (A.REL_CODE_DETAIL = E.REL_CODE_DETAIL)
        WHERE A.REL_CODE_DETAIL = #{ relCodeDetail }
    </select>

</mapper>
